<?xml version="1.0" encoding="UTF-8"?>
<!DOCTYPE suite SYSTEM "http://testng.org/testng-1.0.dtd">
<suite name="All Test Suite">
    <test verbose="2" preserve-order="true" name="/Users/ravikiranreddy/IdeaProjects/WestCoastAssignment">
        <classes>
            <class name="MyAssignment">
               <methods>
                    <include name="setup"/>
                    <include name="roundTrip"/>
                    <include name="sourceDestination"/>
                    <include name="startEndDate"/>
                    <include name="searchFlights"/>
                    <include name="validateYourFlightDetails"/>
                    <include name="tearDown"/>
                </methods>
            </class>
        </classes>
    </test>
</suite>